feature,mean_importance
age,-0.00047690903113860593
sex,0.0
fbs,0.0
restecg,0.0
slope,0.0
chol,0.0003504011278506858
exang,0.002442750336305921
trestbps,0.00731638930843197
thalach,0.014800557447097195
thal,0.014801130067122525
oldpeak,0.083892842988716
ca,0.10450679633047417
cp,0.10607500476605888
