feature,mean_importance
"""V5""",0.2118969031366949
"""V4""",0.21617820012643726
"""V3""",0.46216021733044715
"""V2""",0.5163310623833619
"""V1""",0.943416315119606
