feature,mean_importance
attr4,-0.006045810433622833
attr6,-0.001417918243595362
attr3,-0.0009206099745967866
attr2,0.25346283794018376
attr1,0.27819306237460173
attr5,1.2881322814040255
