feature,mean_importance
"""V1""",0.0
"""V4""",0.0005330046434595115
"""V3""",0.002644829338332455
"""V2""",0.16598778093289993
"""V6""",0.26854372075622773
"""V7""",0.3159320216003347
"""V5""",0.45385132623549784
