feature,mean_importance
"""V4""",0.011849336572731428
"""V3""",0.23122298594506666
"""V2""",0.6943507118680305
"""V1""",1.620998545592752
