feature,mean_importance
"""V3""",-0.0035143150259523415
"""V2""",0.010927474526647352
"""V4""",0.03226796079550602
"""V1""",0.07430684509672066
