feature,mean_importance
"""V2""",-0.13456977247314403
"""V1""",0.22784404259855381
"""V3""",0.8099386855255718
"""V4""",0.8231504830411656
