feature,mean_importance
"""V1""",0.0
"""V22""",0.0
"""V21""",0.0
"""V20""",0.0
"""V17""",0.0
"""V16""",0.0
"""V14""",0.0
"""V13""",0.0
"""V11""",0.0
"""V24""",0.0
"""V9""",0.0
"""V8""",0.0
"""V7""",0.0
"""V6""",0.0
"""V5""",0.0
"""V4""",0.0
"""V3""",0.0
"""V2""",0.0
"""V10""",0.0
"""V23""",0.05440613830850952
"""V18""",0.7863357306775114
"""V19""",1.0060791185661526
"""V12""",1.8039762913051045
"""V15""",3.8446166925577585
