feature,mean_importance
"""V6""",-0.00010187438135185189
"""V3""",0.0
"""V4""",0.0
"""V5""",0.0
"""V8""",0.0
"""V10""",0.0
"""V15""",0.0
"""V13""",1.1875709956343794e-05
"""V2""",9.644193713537197e-05
"""V9""",0.003610068735844607
"""V1""",0.007817500354983886
"""V7""",0.009775152299790391
"""V11""",0.010852997533823582
"""V16""",0.05966370881255915
"""V14""",0.10495228683769575
"""V12""",0.11517374971429462
