feature,mean_importance
"""V2""",0.010775461628334527
"""V3""",0.010775461628334527
"""V4""",0.032567252892228726
"""V1""",0.07813979242396879
