feature,weight
intercept,-1.3260357104410372
"""V1""",-0.7088890818778844
"""V2""",0.33559050832110077
"""V3""",0.33559050832110077
"""V4""",-0.339196366265185
