{
    "uid": "d421c8cf-6ef4-4f0d-8ef6-def107587008",
    "name": "2_Default_NeuralNetwork",
    "preprocessing": [
        {
            "scale": [
                {
                    "scale": [
                        1.1169600684491183,
                        3.7453239875965005,
                        1.1194035287250992,
                        3.744122402096279,
                        1.1190996867744618,
                        3.7390926775988103,
                        1.116706789243966,
                        3.743631946305663,
                        1.1190361937135314,
                        3.7406339337261065
                    ],
                    "mean": [
                        2.4987417205908624,
                        6.9974227385224275,
                        2.50059748760365,
                        7.0079676576231265,
                        2.5020266016396655,
                        7.002716010413107,
                        2.501386622174508,
                        7.006848994330372,
                        2.4992741696309797,
                        6.992628962799676
                    ],
                    "var": [
                        1.2475997945098591,
                        14.027451772065753,
                        1.253064260122204,
                        14.01845256187921,
                        1.2523841089386984,
                        13.98081405167304,
                        1.2470340531435675,
                        14.014780149400325,
                        1.252242002840868,
                        13.992342226143245
                    ],
                    "n_samples_seen": 576581,
                    "n_features_in": 10,
                    "columns": [
                        "\"V1\"",
                        "\"V2\"",
                        "\"V3\"",
                        "\"V4\"",
                        "\"V5\"",
                        "\"V6\"",
                        "\"V7\"",
                        "\"V8\"",
                        "\"V9\"",
                        "\"V10\""
                    ],
                    "scale_method": "scale_normal"
                }
            ],
            "categorical_y": {
                "1": 0,
                "2": 1,
                "3": 2,
                "4": 3,
                "5": 4,
                "6": 5,
                "7": 6,
                "8": 7,
                "9": 8,
                "10": 9
            },
            "ml_task": "multiclass_classification",
            "params": {
                "columns_preprocessing": {
                    "\"V1\"": [
                        "scale_normal"
                    ],
                    "\"V2\"": [
                        "scale_normal"
                    ],
                    "\"V3\"": [
                        "scale_normal"
                    ],
                    "\"V4\"": [
                        "scale_normal"
                    ],
                    "\"V5\"": [
                        "scale_normal"
                    ],
                    "\"V6\"": [
                        "scale_normal"
                    ],
                    "\"V7\"": [
                        "scale_normal"
                    ],
                    "\"V8\"": [
                        "scale_normal"
                    ],
                    "\"V9\"": [
                        "scale_normal"
                    ],
                    "\"V10\"": [
                        "scale_normal"
                    ]
                },
                "target_preprocessing": [
                    "na_exclude",
                    "categorical_to_int"
                ],
                "ml_task": "multiclass_classification"
            }
        }
    ],
    "learners": [
        {
            "library_version": "0.24.2",
            "algorithm_name": "Neural Network",
            "algorithm_short_name": "Neural Network",
            "uid": "4b1210c1-a6dc-46c8-b488-95312ea5f276",
            "params": {
                "model_type": "Neural Network",
                "ml_task": "multiclass_classification",
                "n_jobs": -1,
                "dense_1_size": 32,
                "dense_2_size": 16,
                "learning_rate": 0.05,
                "seed": 2,
                "num_class": 10,
                "explain_level": 1
            },
            "name": "learner_fold_0"
        }
    ],
    "params": {
        "additional": {
            "max_rows_limit": null,
            "max_cols_limit": null
        },
        "preprocessing": {
            "columns_preprocessing": {
                "\"V1\"": [
                    "scale_normal"
                ],
                "\"V2\"": [
                    "scale_normal"
                ],
                "\"V3\"": [
                    "scale_normal"
                ],
                "\"V4\"": [
                    "scale_normal"
                ],
                "\"V5\"": [
                    "scale_normal"
                ],
                "\"V6\"": [
                    "scale_normal"
                ],
                "\"V7\"": [
                    "scale_normal"
                ],
                "\"V8\"": [
                    "scale_normal"
                ],
                "\"V9\"": [
                    "scale_normal"
                ],
                "\"V10\"": [
                    "scale_normal"
                ]
            },
            "target_preprocessing": [
                "na_exclude",
                "categorical_to_int"
            ],
            "ml_task": "multiclass_classification"
        },
        "validation_strategy": {
            "validation_type": "split",
            "train_ratio": 0.75,
            "shuffle": true,
            "stratify": true,
            "X_path": "/Users/vincenzopecorella/Desktop/Universita/Machine Learning/Project2/prediction_feature/results/poker_hand/X.data",
            "y_path": "/Users/vincenzopecorella/Desktop/Universita/Machine Learning/Project2/prediction_feature/results/poker_hand/y.data",
            "results_path": "/Users/vincenzopecorella/Desktop/Universita/Machine Learning/Project2/prediction_feature/results/poker_hand"
        },
        "learner": {
            "model_type": "Neural Network",
            "ml_task": "multiclass_classification",
            "n_jobs": -1,
            "dense_1_size": 32,
            "dense_2_size": 16,
            "learning_rate": 0.05,
            "seed": 2,
            "num_class": 10,
            "explain_level": 1
        },
        "automl_random_state": 2,
        "ml_task": "multiclass_classification",
        "explain_level": 1,
        "name": "2_Default_NeuralNetwork",
        "status": "initialized",
        "final_loss": null,
        "train_time": null,
        "data_type": "original",
        "max_time_for_learner": 360.0
    },
    "saved": [
        "2_Default_NeuralNetwork/learner_fold_0.neural_network"
    ],
    "predictions_fname": "2_Default_NeuralNetwork/predictions_validation.csv",
    "metric_name": "f1",
    "final_loss": -0.5773125071542295,
    "train_time": 387.0122718811035,
    "is_stacked": false
}