feature,mean_importance
"""V5""",9.995153725286254e-05
"""V3""",0.00012984953910248896
"""V7""",0.00032757758175154804
"""V9""",0.00035296955441332933
"""V1""",0.0003737852858977764
"""V10""",0.09229913235991646
"""V8""",0.09738889195213234
"""V4""",0.21844965280414383
"""V6""",0.21947098355408173
"""V2""",0.2289771980678988
