feature,mean_importance
features,0.16390737811048267
max_corr,0.3451128845400643
points,2.68533670682321
