feature,mean_importance
citric acid,-0.0007601622633577332
chlorides,0.0002524468456857498
total sulfur dioxide,0.011216567260690358
sulphates,0.012750475716067734
free sulfur dioxide,0.031178310360781315
fixed acidity,0.03220610195405058
pH,0.05494929765801708
volatile acidity,0.06031687513212147
alcohol,0.15943291432457962
residual sugar,0.2003143374497817
density,0.3873067925677002
