{
    "uid": "81fd9317-d219-4f33-8bc2-cdfecb3e8d6c",
    "name": "3_Default_NeuralNetwork",
    "preprocessing": [
        {
            "scale": [
                {
                    "scale": [
                        0.8281132455478386,
                        51.711882695190944,
                        154.6275030361106,
                        0.286330559648278,
                        0.2886834285607179,
                        0.293947001674988,
                        0.2854833635017057,
                        0.28073175462198874,
                        0.2909546315167947,
                        0.28708718314805093,
                        0.2986186170510151,
                        0.28883489607231977,
                        0.2879818527430872
                    ],
                    "mean": [
                        2.0264026402640263,
                        89.0,
                        271.92739273927396,
                        0.5028118514851485,
                        0.5088946105610561,
                        0.5228259141914191,
                        0.5040845544554455,
                        0.49390452475247526,
                        0.49477873267326733,
                        0.5078812607260726,
                        0.48185089438943907,
                        0.5090491848184818,
                        0.5204814323432343
                    ],
                    "var": [
                        0.6857715474517748,
                        2674.1188118811883,
                        23909.66469518239,
                        0.0819851893884961,
                        0.08333812192557111,
                        0.08640483979371541,
                        0.08150075083624704,
                        0.07881031805314048,
                        0.08465459760107376,
                        0.08241905072788253,
                        0.0891730784494608,
                        0.08342559718910775,
                        0.08293354750934115
                    ],
                    "n_samples_seen": 303,
                    "n_features_in": 13,
                    "columns": [
                        "\"V1\"",
                        "\"V2\"",
                        "\"V3\"",
                        "\"V4\"",
                        "\"V5\"",
                        "\"V8\"",
                        "\"V10\"",
                        "\"V11\"",
                        "\"V13\"",
                        "\"V14\"",
                        "\"V16\"",
                        "\"V18\"",
                        "\"V19\""
                    ],
                    "scale_method": "scale_normal"
                }
            ],
            "categorical_y": {
                "1": 0,
                "2": 1
            },
            "ml_task": "binary_classification",
            "params": {
                "columns_preprocessing": {
                    "\"V1\"": [
                        "scale_normal"
                    ],
                    "\"V2\"": [
                        "scale_normal"
                    ],
                    "\"V3\"": [
                        "scale_normal"
                    ],
                    "\"V4\"": [
                        "scale_normal"
                    ],
                    "\"V5\"": [
                        "scale_normal"
                    ],
                    "\"V8\"": [
                        "scale_normal"
                    ],
                    "\"V10\"": [
                        "scale_normal"
                    ],
                    "\"V11\"": [
                        "scale_normal"
                    ],
                    "\"V13\"": [
                        "scale_normal"
                    ],
                    "\"V14\"": [
                        "scale_normal"
                    ],
                    "\"V16\"": [
                        "scale_normal"
                    ],
                    "\"V18\"": [
                        "scale_normal"
                    ],
                    "\"V19\"": [
                        "scale_normal"
                    ]
                },
                "target_preprocessing": [
                    "na_exclude",
                    "categorical_to_int"
                ],
                "ml_task": "binary_classification"
            }
        }
    ],
    "learners": [
        {
            "library_version": "0.24.2",
            "algorithm_name": "Neural Network",
            "algorithm_short_name": "Neural Network",
            "uid": "5ffd4c12-4ae6-40c1-81a7-1ee4eabf74f7",
            "params": {
                "model_type": "Neural Network",
                "ml_task": "binary_classification",
                "n_jobs": -1,
                "dense_1_size": 32,
                "dense_2_size": 16,
                "learning_rate": 0.05,
                "seed": 3,
                "explain_level": 1
            },
            "name": "learner_fold_0"
        }
    ],
    "params": {
        "additional": {
            "max_rows_limit": null,
            "max_cols_limit": null
        },
        "preprocessing": {
            "columns_preprocessing": {
                "\"V1\"": [
                    "scale_normal"
                ],
                "\"V2\"": [
                    "scale_normal"
                ],
                "\"V3\"": [
                    "scale_normal"
                ],
                "\"V4\"": [
                    "scale_normal"
                ],
                "\"V5\"": [
                    "scale_normal"
                ],
                "\"V8\"": [
                    "scale_normal"
                ],
                "\"V10\"": [
                    "scale_normal"
                ],
                "\"V11\"": [
                    "scale_normal"
                ],
                "\"V13\"": [
                    "scale_normal"
                ],
                "\"V14\"": [
                    "scale_normal"
                ],
                "\"V16\"": [
                    "scale_normal"
                ],
                "\"V18\"": [
                    "scale_normal"
                ],
                "\"V19\"": [
                    "scale_normal"
                ]
            },
            "target_preprocessing": [
                "na_exclude",
                "categorical_to_int"
            ],
            "ml_task": "binary_classification"
        },
        "validation_strategy": {
            "validation_type": "split",
            "train_ratio": 0.75,
            "shuffle": true,
            "stratify": true,
            "X_path": "/Users/vincenzopecorella/Desktop/Universita/Machine Learning/Project2/prediction_feature/results/climate_crash_simulator/X.data",
            "y_path": "/Users/vincenzopecorella/Desktop/Universita/Machine Learning/Project2/prediction_feature/results/climate_crash_simulator/y.data",
            "results_path": "/Users/vincenzopecorella/Desktop/Universita/Machine Learning/Project2/prediction_feature/results/climate_crash_simulator"
        },
        "learner": {
            "model_type": "Neural Network",
            "ml_task": "binary_classification",
            "n_jobs": -1,
            "dense_1_size": 32,
            "dense_2_size": 16,
            "learning_rate": 0.05,
            "seed": 3,
            "explain_level": 1
        },
        "automl_random_state": 2,
        "ml_task": "binary_classification",
        "explain_level": 1,
        "name": "3_Default_NeuralNetwork",
        "status": "initialized",
        "final_loss": null,
        "train_time": null,
        "data_type": "original",
        "max_time_for_learner": 360.0
    },
    "saved": [
        "3_Default_NeuralNetwork/learner_fold_0.neural_network"
    ],
    "predictions_fname": "3_Default_NeuralNetwork/predictions_validation.csv",
    "metric_name": "f1",
    "final_loss": -0.9591836734693878,
    "train_time": 0.8956918716430664,