feature,mean_importance
exang,-0.031208727798448344
sex,-0.020620502023096197
age,0.0
chol,0.0
fbs,0.0
restecg,0.0
slope,0.0
thal,0.0
trestbps,0.056554721233279495
thalach,0.5401296467130589
ca,0.5876664788575561
oldpeak,0.6237241235719175
cp,0.8586757275292667
