feature,mean_importance
"""V3""",0.07122855362707874
"""V4""",0.0753561297250533
"""V1""",0.4245498491931784
"""V6""",0.6823302726990764
"""V7""",0.7351620815371549
"""V2""",0.9654987491494849
"""V5""",1.4621393884814649
