{
    "uid": "8530dfae-9660-4915-bf13-fc92be403137",
    "name": "2_Linear",
    "preprocessing": [
        {
            "categorical": [
                {
                    "convert_method": "categorical_to_int",
                    "convert_params": {
                        "\"Speaker_Number\"": {
                            "Andrew": 0,
                            "Bill": 1,
                            "David": 2,
                            "Jo": 3,
                            "Kate": 4,
                            "Mark": 5,
                            "Mike": 6,
                            "Nick": 7,
                            "Penny": 8,
                            "Rich": 9,
                            "Rose": 10,
                            "Sarah": 11,
                            "Sue": 12,
                            "Tim": 13,
                            "Wendy": 14
                        },
                        "\"Sex\"": {
                            "Female": 0,
                            "Male": 1
                        }
                    },
                    "columns": [
                        "\"Speaker_Number\"",
                        "\"Sex\""
                    ]
                }
            ],
            "scale": [
                {
                    "scale": [
                        4.269895918364638,
                        0.4992716344854888,
                        0.8547936449936051,
                        1.1956359846992923,
                        0.6796896019177434,
                        0.7691766473431664,
                        0.5888160703180095
                    ],
                    "mean": [
                        6.998201438848921,
                        0.5269784172661871,
                        -3.22844964028777,
                        1.9009370503597118,
                        -0.5089910071942446,
                        0.48820143884892087,
                        0.619660071942446
                    ],
                    "var": [
                        18.232011153666992,
                        0.2492721650018115,
                        0.7306721755214534,
                        1.4295454079078462,
                        0.4619779549551006,
                        0.5916327148180737,
                        0.3467043646647431
                    ],
                    "n_samples_seen": 556,
                    "n_features_in": 7,
                    "columns": [
                        "\"Speaker_Number\"",
                        "\"Sex\"",
                        "\"Feature_0\"",
                        "\"Feature_1\"",
                        "\"Feature_2\"",
                        "\"Feature_3\"",
                        "\"Feature_5\""
                    ],
                    "scale_method": "scale_normal"
                }
            ],
            "categorical_y": {
                "hAd": 0,
                "hEd": 1,
                "hId": 2,
                "hOd": 3,
                "hUd": 4,
                "hYd": 5,
                "had": 6,
                "hed": 7,
                "hid": 8,
                "hod": 9,
                "hud": 10
            },
            "ml_task": "multiclass_classification",
            "params": {
                "columns_preprocessing": {
                    "\"Speaker_Number\"": [
                        "categorical_to_int",
                        "scale_normal"
                    ],
                    "\"Sex\"": [
                        "categorical_to_int",
                        "scale_normal"
                    ],
                    "\"Feature_0\"": [
                        "scale_normal"
                    ],
                    "\"Feature_1\"": [
                        "scale_normal"
                    ],
                    "\"Feature_2\"": [
                        "scale_normal"
                    ],
                    "\"Feature_3\"": [
                        "scale_normal"
                    ],
                    "\"Feature_5\"": [
                        "scale_normal"
                    ]
                },
                "target_preprocessing": [
                    "na_exclude",
                    "categorical_to_int"
                ],
                "ml_task": "multiclass_classification"
            }
        }
    ],
    "learners": [
        {
            "library_version": "0.24.2",
            "algorithm_name": "Logistic Regression",
            "algorithm_short_name": "Linear",
            "uid": "6e441d0e-70bd-4fcd-9824-9fb6b96cc0e9",
            "params": {
                "model_type": "Linear",
                "ml_task": "multiclass_classification",
                "n_jobs": -1,
                "seed": 3,
                "num_class": 11,
                "explain_level": 1
            },
            "name": "learner_fold_0"
        }
    ],
    "params": {
        "additional": {
            "max_steps": 1,
            "max_rows_limit": null,
            "max_cols_limit": null
        },
        "preprocessing": {
            "columns_preprocessing": {
                "\"Speaker_Number\"": [
                    "categorical_to_int",
                    "scale_normal"
                ],
                "\"Sex\"": [
                    "categorical_to_int",
                    "scale_normal"
                ],
                "\"Feature_0\"": [
                    "scale_normal"
                ],
                "\"Feature_1\"": [
                    "scale_normal"
                ],
                "\"Feature_2\"": [
                    "scale_normal"
                ],
                "\"Feature_3\"": [
                    "scale_normal"
                ],
                "\"Feature_5\"": [
                    "scale_normal"
                ]
            },
            "target_preprocessing": [
                "na_exclude",
                "categorical_to_int"
            ],
            "ml_task": "multiclass_classification"
        },
        "validation_strategy": {
            "validation_type": "split",
            "train_ratio": 0.75,
            "shuffle": true,
            "stratify": true,
            "X_path": "/Users/vincenzopecorella/Desktop/Universita/Machine Learning/Project2/prediction_feature/results/vowel/X.data",
            "y_path": "/Users/vincenzopecorella/Desktop/Universita/Machine Learning/Project2/prediction_feature/results/vowel/y.data",
            "results_path": "/Users/vincenzopecorella/Desktop/Universita/Machine Learning/Project2/prediction_feature/results/vowel"
        },
        "learner": {
            "model_type": "Linear",
            "ml_task": "multiclass_classification",
            "n_jobs": -1,
            "seed": 3,
            "num_class": 11,
            "explain_level": 1
        },
        "automl_random_state": 2,
        "ml_task": "multiclass_classification",
        "explain_level": 1,
        "name": "2_Linear",
        "status": "initialized",
        "final_loss": null,
        "train_time": null,
        "data_type": "original",
        "max_time_for_learner": 360.0
    },
    "saved": [
        "2_Linear/learner_fold_0.linear"
    ],
    "predictions_fname": "2_Linear/predictions_validation.csv",
    "metric_name": "f1",
    "final_loss": -0.6344086021505376,
    "train_time": 1.1980891227722168,
    "is_stacked": false
}