feature,mean_importance
"""V11""",-0.00016663106836674048
"""V12""",0.0
"""V13""",0.0
"""V14""",0.0
"""V3""",1.0466967959121832e-05
"""V2""",6.924046682419416e-05
"""V5""",0.00010946051926179479
"""V4""",0.00021351553303414761
"""V9""",0.00023094793630056286
"""V7""",0.0005846736150019183
"""V6""",0.000691560685350101
"""V8""",0.0010838425695620657
"""V10""",0.04073822286070881
"""V1""",0.1629246923651988
