feature,mean_importance
"""V4""",-0.0016471559695822465
"""V3""",1.5813349976535835
"""V2""",2.5197587167069875
"""V1""",3.679737094048042
