feature,weight
intercept,-1.171683301290327
"""V1""",-0.5266311939507884
"""V2""",-0.32321945264764546
"""V3""",0.5952860437239558
"""V4""",0.6599387258514001
"""V5""",0.27680898365390816
