{
    "uid": "fc317f8b-0c61-4b68-b795-774ad5ddeb5d",
    "name": "3_Default_NeuralNetwork",
    "preprocessing": [
        {
            "scale": [
                {
                    "scale": [
                        0.8432164661661068,
                        5.056528738250738,
                        18.08464986823665,
                        43.331631413459526,
                        0.0030153697016285542,
                        0.14938940402961257,
                        1.2275082268014252
                    ],
                    "mean": [
                        6.850775613275614,
                        6.28030303030303,
                        35.1801948051948,
                        138.22997835497836,
                        0.9939569715007215,
                        3.18729797979798,
                        10.532974987974988
                    ],
                    "var": [
                        0.7110140088136571,
                        25.568482880755603,
                        327.0545608567119,
                        1877.6302809519125,
                        9.092454437499475e-06,
                        0.022317194036322822,
                        1.5067764468651794
                    ],
                    "n_samples_seen": 2772,
                    "n_features_in": 7,
                    "columns": [
                        "fixed acidity",
                        "residual sugar",
                        "free sulfur dioxide",
                        "total sulfur dioxide",
                        "density",
                        "pH",
                        "alcohol"
                    ],
                    "scale_method": "scale_normal"
                }
            ],
            "categorical_y": {
                "3": 0,
                "4": 1,
                "5": 2,
                "6": 3,
                "7": 4,
                "8": 5,
                "9": 6
            },
            "ml_task": "multiclass_classification",
            "params": {
                "columns_preprocessing": {
                    "fixed acidity": [
                        "scale_normal"
                    ],
                    "residual sugar": [
                        "scale_normal"
                    ],
                    "free sulfur dioxide": [
                        "scale_normal"
                    ],
                    "total sulfur dioxide": [
                        "scale_normal"
                    ],
                    "density": [
                        "scale_normal"
                    ],
                    "pH": [
                        "scale_normal"
                    ],
                    "alcohol": [
                        "scale_normal"
                    ]
                },
                "target_preprocessing": [
                    "na_exclude",
                    "categorical_to_int"
                ],
                "ml_task": "multiclass_classification"
            }
        }
    ],
    "learners": [
        {
            "library_version": "0.24.2",
            "algorithm_name": "Neural Network",
            "algorithm_short_name": "Neural Network",
            "uid": "42df6e8d-c62f-45cc-b1b8-258993b0c78c",
            "params": {
                "model_type": "Neural Network",
                "ml_task": "multiclass_classification",
                "n_jobs": -1,
                "dense_1_size": 32,
                "dense_2_size": 16,
                "learning_rate": 0.05,
                "seed": 3,
                "num_class": 7,
                "explain_level": 1
            },
            "name": "learner_fold_0"
        }
    ],
    "params": {
        "additional": {
            "max_rows_limit": null,
            "max_cols_limit": null
        },
        "preprocessing": {
            "columns_preprocessing": {
                "fixed acidity": [
                    "scale_normal"
                ],
                "residual sugar": [
                    "scale_normal"
                ],
                "free sulfur dioxide": [
                    "scale_normal"
                ],
                "total sulfur dioxide": [
                    "scale_normal"
                ],
                "density": [
                    "scale_normal"
                ],
                "pH": [
                    "scale_normal"
                ],
                "alcohol": [
                    "scale_normal"
                ]
            },
            "target_preprocessing": [
                "na_exclude",
                "categorical_to_int"
            ],
            "ml_task": "multiclass_classification"
        },
        "validation_strategy": {
            "validation_type": "split",
            "train_ratio": 0.75,
            "shuffle": true,
            "stratify": true,
            "X_path": "/Users/vincenzopecorella/Desktop/Universita/Machine Learning/Project2/prediction_feature/results/wine_white/X.data",
            "y_path": "/Users/vincenzopecorella/Desktop/Universita/Machine Learning/Project2/prediction_feature/results/wine_white/y.data",
            "results_path": "/Users/vincenzopecorella/Desktop/Universita/Machine Learning/Project2/prediction_feature/results/wine_white"
        },
        "learner": {
            "model_type": "Neural Network",
            "ml_task": "multiclass_classification",
            "n_jobs": -1,
            "dense_1_size": 32,
            "dense_2_size": 16,
            "learning_rate": 0.05,
            "seed": 3,
            "num_class": 7,
            "explain_level": 1
        },
        "automl_random_state": 2,
        "ml_task": "multiclass_classification",
        "explain_level": 1,
        "name": "3_Default_NeuralNetwork",
        "status": "initialized",
        "final_loss": null,
        "train_time": null,
        "data_type": "original",
        "max_time_for_learner": 360.0
    },
    "saved": [
        "3_Default_NeuralNetwork/learner_fold_0.neural_network"
    ],
    "predictions_fname": "3_Default_NeuralNetwork/predictions_validation.csv",
    "metric_name": "f1",
    "final_loss": -0.5487012987012987,
    "train_time": 4.57173490524292,
    "is_stacked": false
}