feature,mean_importance
chlorides,0.0027780797423300196
citric acid,0.02536431483721744
sulphates,0.030605183711913987
volatile acidity,0.09304500654785146
free sulfur dioxide,0.25934297641697046
fixed acidity,0.346710307676512
pH,0.4061679786419692
total sulfur dioxide,0.5629509952993142
residual sugar,0.7217442288363801
alcohol,0.7396371529178672
density,1.7424914840073753
