,Decision Tree,Linear,Neural Network,Random Forest
intercept,-0.6080321263000804,0.44698356009829077,-0.263318624652271,0.42436719085406116
features,0.6847414416911317,-1.2068092571734517,0.5096934943485932,0.012374321133726973
points,1.50931400784423,-1.6742215707102297,-0.8601102350861966,1.0250177979521975
max_corr,0.9808689304793543,-0.4248972480899307,0.08482098351116558,-0.6407926659005897
