feature,mean_importance
max_corr,0.06974272676108373
points,0.21343361968945967
features,0.3196805741345498
