{
    "uid": "07f7b9bb-2287-4e0a-863b-534684660a6f",
    "name": "3_Default_NeuralNetwork",
    "preprocessing": [
        {
            "remove_columns": [
                "\"region.pixel.count\""
            ],
            "scale": [
                {
                    "scale": [
                        73.06358801503318,
                        57.314312618067525,
                        2.951380287270092,
                        47.29772208110867,
                        3.875676165885607,
                        69.78690115726535,
                        38.20750238242028,
                        35.10133386936034,
                        43.52542431676084,
                        36.39664160046461,
                        11.481888296326527,
                        19.53701225612775,
                        11.53493748012823,
                        42.90974039885518,
                        1.5419373416700612
                    ],
                    "mean": [
                        124.35642802155505,
                        123.17628945342571,
                        1.9875976076982291,
                        6.688951615935335,
                        2.4805404225558125,
                        9.687066040018557,
                        37.23131689006928,
                        33.02591778752887,
                        44.36343739337952,
                        34.304594836797534,
                        -12.616200420323326,
                        21.396372684372597,
                        -8.78017272286374,
                        45.31476690839107,
                        -1.3597167351809083
                    ],
                    "var": [
                        5338.2878936305,
                        3284.9304308815745,
                        8.71064560008649,
                        2237.074514061794,
                        15.02086574281376,
                        4870.2115731339245,
                        1459.8132383026516,
                        1232.1036394083035,
                        1894.462561954076,
                        1324.715519792671,
                        131.83375884932008,
                        381.69484789608595,
                        133.054782670467,
                        1841.245821097144,
                        2.377570765636535
                    ],
                    "n_samples_seen": 1299,
                    "n_features_in": 15,
                    "columns": [
                        "\"region.centroid.col\"",
                        "\"region.centroid.row\"",
                        "\"vedge.mean\"",
                        "\"vegde.sd\"",
                        "\"hedge.mean\"",
                        "\"hedge.sd\"",
                        "\"intensity.mean\"",
                        "\"rawred.mean\"",
                        "\"rawblue.mean\"",
                        "\"rawgreen.mean\"",
                        "\"exred.mean\"",
                        "\"exblue.mean\"",
                        "\"exgreen.mean\"",
                        "\"value.mean\"",
                        "\"hue.mean\""
                    ],
                    "scale_method": "scale_normal"
                }
            ],
            "categorical_y": {
                "\"brickface\"": 0,
                "\"cement\"": 1,
                "\"foliage\"": 2,
                "\"grass\"": 3,
                "\"path\"": 4,
                "\"sky\"": 5,
                "\"window\"": 6
            },
            "ml_task": "multiclass_classification",
            "params": {
                "columns_preprocessing": {
                    "\"region.centroid.col\"": [
                        "scale_normal"
                    ],
                    "\"region.centroid.row\"": [
                        "scale_normal"
                    ],
                    "\"region.pixel.count\"": [
                        "remove_column"
                    ],
                    "\"vedge.mean\"": [
                        "scale_normal"
                    ],
                    "\"vegde.sd\"": [
                        "scale_normal"
                    ],
                    "\"hedge.mean\"": [
                        "scale_normal"
                    ],
                    "\"hedge.sd\"": [
                        "scale_normal"
                    ],
                    "\"intensity.mean\"": [
                        "scale_normal"
                    ],
                    "\"rawred.mean\"": [
                        "scale_normal"
                    ],
                    "\"rawblue.mean\"": [
                        "scale_normal"
                    ],
                    "\"rawgreen.mean\"": [
                        "scale_normal"
                    ],
                    "\"exred.mean\"": [
                        "scale_normal"
                    ],
                    "\"exblue.mean\"": [
                        "scale_normal"
                    ],
                    "\"exgreen.mean\"": [
                        "scale_normal"
                    ],
                    "\"value.mean\"": [
                        "scale_normal"
                    ],
                    "\"hue.mean\"": [
                        "scale_normal"
                    ]
                },
                "target_preprocessing": [
                    "na_exclude",
                    "categorical_to_int"
                ],
                "ml_task": "multiclass_classification"
            }
        }
    ],
    "learners": [
        {
            "library_version": "0.24.2",
            "algorithm_name": "Neural Network",
            "algorithm_short_name": "Neural Network",
            "uid": "19799dd3-f2c2-4049-9e68-35171263fb7a",
            "params": {
                "model_type": "Neural Network",
                "ml_task": "multiclass_classification",
                "n_jobs": -1,
                "dense_1_size": 32,
                "dense_2_size": 16,
                "learning_rate": 0.05,
                "seed": 3,
                "num_class": 7,
                "explain_level": 1
            },
            "name": "learner_fold_0"
        }
    ],
    "params": {
        "additional": {
            "max_rows_limit": null,
            "max_cols_limit": null
        },
        "preprocessing": {
            "columns_preprocessing": {
                "\"region.centroid.col\"": [
                    "scale_normal"
                ],
                "\"region.centroid.row\"": [
                    "scale_normal"
                ],
                "\"region.pixel.count\"": [
                    "remove_column"
                ],
                "\"vedge.mean\"": [
                    "scale_normal"
                ],
                "\"vegde.sd\"": [
                    "scale_normal"
                ],
                "\"hedge.mean\"": [
                    "scale_normal"
                ],
                "\"hedge.sd\"": [
                    "scale_normal"
                ],
                "\"intensity.mean\"": [
                    "scale_normal"
                ],
                "\"rawred.mean\"": [
                    "scale_normal"
                ],
                "\"rawblue.mean\"": [
                    "scale_normal"
                ],
                "\"rawgreen.mean\"": [
                    "scale_normal"
                ],
                "\"exred.mean\"": [
                    "scale_normal"
                ],
                "\"exblue.mean\"": [
                    "scale_normal"
                ],
                "\"exgreen.mean\"": [
                    "scale_normal"
                ],
                "\"value.mean\"": [
                    "scale_normal"
                ],
                "\"hue.mean\"": [
                    "scale_normal"
                ]
            },
            "target_preprocessing": [
                "na_exclude",
                "categorical_to_int"
            ],