feature,mean_importance
chlorides,0.00020598249784919975
free sulfur dioxide,0.010292757494835292
citric acid,0.012171016121151434
residual sugar,0.015428943117131388
sulphates,0.03287302029857029
pH,0.04237942277613034
density,0.08389521274266545
total sulfur dioxide,0.086961083141926
volatile acidity,0.13120366983282922
fixed acidity,0.15753666064759195
alcohol,0.19237353059443443
