feature,weight
intercept,0.6653969199726452
"""top-left-square""",0.043899290761464
"""top-middle-square""",-0.13831969257266857
"""top-right-square""",0.13495777013430554
"""middle-left-square""",-0.23544546911467845
"""middle-middle-square""",0.29263789825757974
"""middle-right-square""",-0.21271439091308403
"""bottom-left-square""",0.029783858132836096
"""bottom-middle-square""",-0.17316528673167783
"""bottom-right-square""",0.15262996836131132
