feature,mean_importance
"""bottom-right-square""",-0.004773905087309305
"""top-left-square""",-0.0008323020091324018
"""bottom-left-square""",0.0008638371781211296
"""middle-right-square""",0.0014160601223732084
"""middle-left-square""",0.0032718582703401334
"""top-right-square""",0.004088152296800707
"""top-middle-square""",0.007542454872375437
"""bottom-middle-square""",0.020621660506147353
"""middle-middle-square""",0.028640347735909222
