feature,mean_importance
"""V4""",0.008960848705157698
"""V6""",0.03503165161317723
"""V7""",0.03546808673006856
"""V5""",0.1194959689334489
"""V1""",0.2986220368039638
"""V3""",0.6178377012981082
"""V2""",0.7824683734571221
