feature,mean_importance
"""V4""",0.03862873189634983
"""V3""",1.0019604309941337
"""V2""",2.7623738132517355
"""V1""",5.277009620041567
