feature,mean_importance
max_corr,0.16760598144360944
features,0.3405399577958243
points,0.3862873354128428
