feature,mean_importance
restecg,-0.008104719290340146
age,-0.006756034397009103
chol,-0.006415582757631733
exang,-0.004675960063416129
trestbps,-0.002626611485162178
thalach,-0.0007099428661860197
fbs,0.005951804448648124
sex,0.029682973153108815
thal,0.0458771750376844
slope,0.05461580844048326
ca,0.05525365455771701
oldpeak,0.07245049311388958
cp,0.08726719519667328
