feature,mean_importance
citric acid,0.0
residual sugar,0.0
density,0.0
pH,0.0
sulphates,0.0
chlorides,0.006144880446111767
fixed acidity,0.008136261511789745
total sulfur dioxide,0.08027236919843736
volatile acidity,0.0905769584265673
free sulfur dioxide,0.16393446376117704
alcohol,0.671526359739743
