feature,mean_importance
attr4,-0.02045080216109546
attr3,-0.017768855542287115
attr6,-0.005441643740549995
attr2,2.5331350001524706
attr1,2.779564321338653
attr5,2.825005645578705
