{
    "uid": "c3aef1f2-d67d-4ae4-9ad7-c112d8794aa9",
    "name": "3_Default_NeuralNetwork",
    "preprocessing": [
        {
            "scale": [
                {
                    "scale": [
                        1.6919284578624578,
                        0.1762828175726014,
                        1.4928288372989327,
                        10.502535048407937,
                        33.485145815551505,
                        0.0019430885766321424,
                        0.15312827181782682,
                        0.17807487072989617,
                        1.062236819225386
                    ],
                    "mean": [
                        8.288718510405257,
                        0.5290361445783133,
                        2.557009857612267,
                        16.03121577217963,
                        46.5591456736035,
                        0.9967304600219058,
                        3.3116319824753564,
                        0.65921139101862,
                        10.426998904709748
                    ],
                    "var": [
                        2.8626219065248346,
                        0.031075631771335065,
                        2.2285379374712835,
                        110.3032424430371,
                        1121.2549902887463,
                        3.775593216638325e-06,
                        0.023448267629914258,
                        0.03171065958546923,
                        1.1283470601180654
                    ],
                    "n_samples_seen": 913,
                    "n_features_in": 9,
                    "columns": [
                        "fixed acidity",
                        "volatile acidity",
                        "residual sugar",
                        "free sulfur dioxide",
                        "total sulfur dioxide",
                        "density",
                        "pH",
                        "sulphates",
                        "alcohol"
                    ],
                    "scale_method": "scale_normal"
                }
            ],
            "categorical_y": {
                "3": 0,
                "4": 1,
                "5": 2,
                "6": 3,
                "7": 4,
                "8": 5
            },
            "ml_task": "multiclass_classification",
            "params": {
                "columns_preprocessing": {
                    "fixed acidity": [
                        "scale_normal"
                    ],
                    "volatile acidity": [
                        "scale_normal"
                    ],
                    "residual sugar": [
                        "scale_normal"
                    ],
                    "free sulfur dioxide": [
                        "scale_normal"
                    ],
                    "total sulfur dioxide": [
                        "scale_normal"
                    ],
                    "density": [
                        "scale_normal"
                    ],
                    "pH": [
                        "scale_normal"
                    ],
                    "sulphates": [
                        "scale_normal"
                    ],
                    "alcohol": [
                        "scale_normal"
                    ]
                },
                "target_preprocessing": [
                    "na_exclude",
                    "categorical_to_int"
                ],
                "ml_task": "multiclass_classification"
            }
        }
    ],
    "learners": [
        {
            "library_version": "0.24.2",
            "algorithm_name": "Neural Network",
            "algorithm_short_name": "Neural Network",
            "uid": "c8e299c9-8cb4-4acc-9e6d-dc04b1e7f368",
            "params": {
                "model_type": "Neural Network",
                "ml_task": "multiclass_classification",
                "n_jobs": -1,
                "dense_1_size": 32,
                "dense_2_size": 16,
                "learning_rate": 0.05,
                "seed": 3,
                "num_class": 6,
                "explain_level": 1
            },
            "name": "learner_fold_0"
        }
    ],
    "params": {
        "additional": {
            "max_rows_limit": null,
            "max_cols_limit": null
        },
        "preprocessing": {
            "columns_preprocessing": {
                "fixed acidity": [
                    "scale_normal"
                ],
                "volatile acidity": [
                    "scale_normal"
                ],
                "residual sugar": [
                    "scale_normal"
                ],
                "free sulfur dioxide": [
                    "scale_normal"
                ],
                "total sulfur dioxide": [
                    "scale_normal"
                ],
                "density": [
                    "scale_normal"
                ],
                "pH": [
                    "scale_normal"
                ],
                "sulphates": [
                    "scale_normal"
                ],
                "alcohol": [
                    "scale_normal"
                ]
            },
            "target_preprocessing": [
                "na_exclude",
                "categorical_to_int"
            ],
            "ml_task": "multiclass_classification"
        },
        "validation_strategy": {
            "validation_type": "split",
            "train_ratio": 0.75,
            "shuffle": true,
            "stratify": true,
            "X_path": "/Users/vincenzopecorella/Desktop/Universita/Machine Learning/Project2/prediction_feature/results/wine_red/X.data",
            "y_path": "/Users/vincenzopecorella/Desktop/Universita/Machine Learning/Project2/prediction_feature/results/wine_red/y.data",
            "results_path": "/Users/vincenzopecorella/Desktop/Universita/Machine Learning/Project2/prediction_feature/results/wine_red"
        },
        "learner": {
            "model_type": "Neural Network",
            "ml_task": "multiclass_classification",
            "n_jobs": -1,
            "dense_1_size": 32,
            "dense_2_size": 16,
            "learning_rate": 0.05,
            "seed": 3,
            "num_class": 6,
            "explain_level": 1
        },
        "automl_random_state": 2,
        "ml_task": "multiclass_classification",
        "explain_level": 1,
        "name": "3_Default_NeuralNetwork",
        "status": "initialized",
        "final_loss": null,
        "train_time": null,
        "data_type": "original",
        "max_time_for_learner": 360.0
    },
    "saved": [
        "3_Default_NeuralNetwork/learner_fold_0.neural_network"
    ],
    "predictions_fname": "3_Default_NeuralNetwork/predictions_validation.csv",
    "metric_name": "f1",
    "final_loss": -0.6032786885245902,
    "train_time": 0.7654690742492676,
    "is_stacked": false
}