feature,mean_importance
citric acid,-0.0023735209764390143
chlorides,0.001459055472221138
residual sugar,0.027904692082563055
free sulfur dioxide,0.051179218395224345
density,0.070584638549591
volatile acidity,0.13064394679958827
total sulfur dioxide,0.13453410962736684
pH,0.1359775133092218
sulphates,0.17175931877186934
fixed acidity,0.23888497892741892
alcohol,0.2721455669957231
