feature,mean_importance
"""V14""",5.872256749217541e-06
"""V5""",2.088238091246808e-05
"""V4""",3.091707103255459e-05
"""V6""",5.9237857894256504e-05
"""V12""",7.020203042715779e-05
"""V3""",0.00011339517619335382
"""V9""",0.00012864451394065668
"""V8""",0.0001341294512098301
"""V13""",0.00020407142933258625
"""V2""",0.00021015290863504176
"""V7""",0.000272983458416487
"""V11""",0.00028686801891097957
"""V10""",0.00035313698460477384
"""V1""",0.0008128666513920635
