feature,mean_importance
attr6,0.0
attr3,0.0
attr4,0.0
attr2,2.551399469221883
attr1,2.686465395378341
attr5,3.085944442826998
