feature,mean_importance
sulphates,0.0012964620861368292
citric acid,0.0019494380351195329
total sulfur dioxide,0.0036149198756174174
residual sugar,0.005597347523758067
fixed acidity,0.006044239346253999
pH,0.006674042129599922
chlorides,0.006697444273383724
density,0.014567885621524113
free sulfur dioxide,0.021088306924514334
volatile acidity,0.08672722458618423
alcohol,0.2364839454165867
