{
    "uid": "7bc0a97f-5c18-4305-84b7-c3c998e7e14c",
    "name": "3_Default_NeuralNetwork",
    "preprocessing": [
        {
            "scale": [
                {
                    "scale": [
                        1.7274046322426524,
                        8.826151984291078,
                        14.089389493951767,
                        9.667604279721553,
                        13.114285452429664,
                        7.758595744905967,
                        11.051021711003692
                    ],
                    "mean": [
                        2.2401252827562206,
                        5.994257873673221,
                        15.22690099182182,
                        9.280320167043675,
                        20.937880633373933,
                        15.238667130676873,
                        40.31837828432226
                    ],
                    "var": [
                        2.9839267634933733,
                        77.90095884980533,
                        198.51089631227845,
                        93.4625725092905,
                        171.98448292780833,
                        60.195807932872974,
                        122.12508085707496
                    ],
                    "n_samples_seen": 5747,
                    "n_features_in": 7,
                    "columns": [
                        "\"V1\"",
                        "\"V2\"",
                        "\"V3\"",
                        "\"V4\"",
                        "\"V5\"",
                        "\"V6\"",
                        "\"V7\""
                    ],
                    "scale_method": "scale_normal"
                }
            ],
            "categorical_y": {
                "1": 0,
                "2": 1,
                "3": 2,
                "4": 3,
                "5": 4,
                "6": 5,
                "7": 6,
                "8": 7,
                "9": 8,
                "10": 9
            },
            "ml_task": "multiclass_classification",
            "params": {
                "columns_preprocessing": {
                    "\"V1\"": [
                        "scale_normal"
                    ],
                    "\"V2\"": [
                        "scale_normal"
                    ],
                    "\"V3\"": [
                        "scale_normal"
                    ],
                    "\"V4\"": [
                        "scale_normal"
                    ],
                    "\"V5\"": [
                        "scale_normal"
                    ],
                    "\"V6\"": [
                        "scale_normal"
                    ],
                    "\"V7\"": [
                        "scale_normal"
                    ]
                },
                "target_preprocessing": [
                    "na_exclude",
                    "categorical_to_int"
                ],
                "ml_task": "multiclass_classification"
            }
        }
    ],
    "learners": [
        {
            "library_version": "0.24.2",
            "algorithm_name": "Neural Network",
            "algorithm_short_name": "Neural Network",
            "uid": "54ae39b2-ddf0-4e1e-bff9-c70b12afbba0",
            "params": {
                "model_type": "Neural Network",
                "ml_task": "multiclass_classification",
                "n_jobs": -1,
                "dense_1_size": 32,
                "dense_2_size": 16,
                "learning_rate": 0.05,
                "seed": 3,
                "num_class": 10,
                "explain_level": 1
            },
            "name": "learner_fold_0"
        }
    ],
    "params": {
        "additional": {
            "max_rows_limit": null,
            "max_cols_limit": null
        },
        "preprocessing": {
            "columns_preprocessing": {
                "\"V1\"": [
                    "scale_normal"
                ],
                "\"V2\"": [
                    "scale_normal"
                ],
                "\"V3\"": [
                    "scale_normal"
                ],
                "\"V4\"": [
                    "scale_normal"
                ],
                "\"V5\"": [
                    "scale_normal"
                ],
                "\"V6\"": [
                    "scale_normal"
                ],
                "\"V7\"": [
                    "scale_normal"
                ]
            },
            "target_preprocessing": [
                "na_exclude",
                "categorical_to_int"
            ],
            "ml_task": "multiclass_classification"
        },
        "validation_strategy": {
            "validation_type": "split",
            "train_ratio": 0.75,
            "shuffle": true,
            "stratify": true,
            "X_path": "/Users/vincenzopecorella/Desktop/Universita/Machine Learning/Project2/prediction_feature/results/artificial_character/X.data",
            "y_path": "/Users/vincenzopecorella/Desktop/Universita/Machine Learning/Project2/prediction_feature/results/artificial_character/y.data",
            "results_path": "/Users/vincenzopecorella/Desktop/Universita/Machine Learning/Project2/prediction_feature/results/artificial_character"
        },
        "learner": {
            "model_type": "Neural Network",
            "ml_task": "multiclass_classification",
            "n_jobs": -1,
            "dense_1_size": 32,
            "dense_2_size": 16,
            "learning_rate": 0.05,
            "seed": 3,
            "num_class": 10,
            "explain_level": 1
        },
        "automl_random_state": 2,
        "ml_task": "multiclass_classification",
        "explain_level": 1,
        "name": "3_Default_NeuralNetwork",
        "status": "initialized",
        "final_loss": null,
        "train_time": null,
        "data_type": "original",
        "max_time_for_learner": 360.0
    },
    "saved": [
        "3_Default_NeuralNetwork/learner_fold_0.neural_network"
    ],
    "predictions_fname": "3_Default_NeuralNetwork/predictions_validation.csv",
    "metric_name": "f1",
    "final_loss": -0.6111691022964509,
    "train_time": 3.1472082138061523,
    "is_stacked": false
}