feature,mean_importance
"""V7""",1.1135255913817006
"""V6""",3.124599378014897
"""V2""",3.16619893812855
"""V4""",3.883011778774649
"""V5""",4.85780041301185
"""V1""",5.031998740115393
"""V3""",6.874126452152834
