feature,weight
intercept,0.1187187126087003
attr6,0.07566332400140657
attr1,-0.018882517246365742
attr2,0.1061416992922374
attr3,0.041599322788050674
attr4,0.07906719839053336
attr5,-1.1077696374015484
