feature,mean_importance
attr4,-0.008952427885459335
attr1,-0.0023876865737923803
attr3,-0.0013321370066053273
attr6,-0.0011827325606002636
attr2,-0.0007221912788421658
attr5,0.21356328161028365
