feature,mean_importance
SepalLengthCm,0.07156557364516074
PetalWidthCm,0.08535906542524138
Id,0.10403487221581668
PetalLengthCm,0.1079943573719131
SepalWidthCm,0.13883680303058546
