feature,mean_importance
SepalLengthCm,0.05255409671266591
SepalWidthCm,0.07848161938684102
PetalLengthCm,0.20586631560690288
PetalWidthCm,0.24429552338457833
Id,0.488069041492868
