,Iris-setosa,Iris-versicolor,Iris-virginica
intercept,-0.4411408546810113,1.8566124517696647,-1.4154715970886547
Id,-1.0711549068438844,-0.7343786560228392,1.8055335628667248
SepalLengthCm,-0.8557013070264257,0.02302591662817321,0.8326753903982539
SepalWidthCm,0.9407444095114723,-0.41147955889540505,-0.529264850616069
PetalLengthCm,-1.2899793106636526,0.20993703778229472,1.0800422728813597
PetalWidthCm,-1.2249978662509542,-0.24321428750192758,1.4682121537528843
