feature,mean_importance
"""V1""",0.0
"""V3""",0.0
"""V4""",0.0
"""V7""",0.12863688172272894
"""V2""",0.26609036894831517
"""V6""",0.33513167462691484
"""V5""",0.8675481246160833
