feature,mean_importance
max_corr,0.14315166168182225
points,0.47150208650119785
features,0.6105658749724956
