feature,weight
intercept,-1.089937959833455
"""V1""",-4.322406792655253
"""V2""",-4.109462489961435
"""V3""",-3.8837370684425183
"""V4""",0.22894493265211038
