feature,mean_importance
"""V4""",0.0006741914198386157
"""V3""",0.8128660019398598
"""V2""",1.2425487081329292
"""V1""",1.8056878693816636
