feature,mean_importance
"""V3""",0.015263882228700976
"""V2""",0.03190169998937682
"""V1""",0.09476022388526809
"""V4""",0.1034197074977025
