feature,mean_importance
"""V1""",0.0
"""V3""",0.0
"""V5""",0.0
"""V7""",0.0
"""V9""",0.0
"""V4""",0.017776813367493084
"""V8""",0.018838267265349606
"""V6""",0.023942269601933686
"""V2""",0.02646978329936518
"""V10""",0.029589644403967698
