{
    "uid": "209efc8c-e8f4-46d1-939e-37b8959a0ef4",
    "name": "2_Default_NeuralNetwork",
    "preprocessing": [
        {
            "scale": [
                {
                    "scale": [
                        2.750427666559217,
                        2.1272214965045495,
                        1.7377453750791299,
                        1.296438704999619,
                        1.071484576162049,
                        0.8729135827050649,
                        0.4999774295962137
                    ],
                    "mean": [
                        1.9793951246817625,
                        -3.077795230495471,
                        -0.3614537820044435,
                        -1.1464221900041194,
                        -0.6881423471343386,
                        -0.6177734087155002,
                        1.50475077829026
                    ],
                    "var": [
                        7.564852348974379,
                        4.525071295191054,
                        3.019758988608906,
                        1.6807533158210892,
                        1.1480791969531658,
                        0.7619781228709922,
                        0.24997743010563683
                    ],
                    "n_samples_seen": 148081,
                    "n_features_in": 7,
                    "columns": [
                        "\"V1\"",
                        "\"V2\"",
                        "\"V3\"",
                        "\"V4\"",
                        "\"V5\"",
                        "\"V6\"",
                        "\"V14\""
                    ],
                    "scale_method": "scale_normal"
                }
            ],
            "categorical_y": {
                "1": 0,
                "2": 1,
                "3": 2,
                "4": 3,
                "5": 4,
                "6": 5,
                "7": 6,
                "8": 7,
                "9": 8,
                "10": 9
            },
            "ml_task": "multiclass_classification",
            "params": {
                "columns_preprocessing": {
                    "\"V1\"": [
                        "scale_normal"
                    ],
                    "\"V2\"": [
                        "scale_normal"
                    ],
                    "\"V3\"": [
                        "scale_normal"
                    ],
                    "\"V4\"": [
                        "scale_normal"
                    ],
                    "\"V5\"": [
                        "scale_normal"
                    ],
                    "\"V6\"": [
                        "scale_normal"
                    ],
                    "\"V14\"": [
                        "scale_normal"
                    ]
                },
                "target_preprocessing": [
                    "na_exclude",
                    "categorical_to_int"
                ],
                "ml_task": "multiclass_classification"
            }
        }
    ],
    "learners": [
        {
            "library_version": "0.24.2",
            "algorithm_name": "Neural Network",
            "algorithm_short_name": "Neural Network",
            "uid": "715a79a5-ecc4-49e1-b922-916f2d8fa03f",
            "params": {
                "model_type": "Neural Network",
                "ml_task": "multiclass_classification",
                "n_jobs": -1,
                "dense_1_size": 32,
                "dense_2_size": 16,
                "learning_rate": 0.05,
                "seed": 2,
                "num_class": 10,
                "explain_level": 1
            },
            "name": "learner_fold_0"
        }
    ],
    "params": {
        "additional": {
            "max_rows_limit": null,
            "max_cols_limit": null
        },
        "preprocessing": {
            "columns_preprocessing": {
                "\"V1\"": [
                    "scale_normal"
                ],
                "\"V2\"": [
                    "scale_normal"
                ],
                "\"V3\"": [
                    "scale_normal"
                ],
                "\"V4\"": [
                    "scale_normal"
                ],
                "\"V5\"": [
                    "scale_normal"
                ],
                "\"V6\"": [
                    "scale_normal"
                ],
                "\"V14\"": [
                    "scale_normal"
                ]
            },
            "target_preprocessing": [
                "na_exclude",
                "categorical_to_int"
            ],
            "ml_task": "multiclass_classification"
        },
        "validation_strategy": {
            "validation_type": "split",
            "train_ratio": 0.75,
            "shuffle": true,
            "stratify": true,
            "X_path": "/Users/vincenzopecorella/Desktop/Universita/Machine Learning/Project2/prediction_feature/results/spoken_arabic_digit/X.data",
            "y_path": "/Users/vincenzopecorella/Desktop/Universita/Machine Learning/Project2/prediction_feature/results/spoken_arabic_digit/y.data",
            "results_path": "/Users/vincenzopecorella/Desktop/Universita/Machine Learning/Project2/prediction_feature/results/spoken_arabic_digit"
        },
        "learner": {
            "model_type": "Neural Network",
            "ml_task": "multiclass_classification",
            "n_jobs": -1,
            "dense_1_size": 32,
            "dense_2_size": 16,
            "learning_rate": 0.05,
            "seed": 2,
            "num_class": 10,
            "explain_level": 1
        },
        "automl_random_state": 2,
        "ml_task": "multiclass_classification",
        "explain_level": 1,
        "name": "2_Default_NeuralNetwork",
        "status": "initialized",
        "final_loss": null,
        "train_time": null,
        "data_type": "original",
        "max_time_for_learner": 360.0
    },
    "saved": [
        "2_Default_NeuralNetwork/learner_fold_0.neural_network"
    ],
    "predictions_fname": "2_Default_NeuralNetwork/predictions_validation.csv",
    "metric_name": "f1",
    "final_loss": -0.10046392901278337,
    "train_time": 80.10082578659058,
    "is_stacked": false
}