feature,mean_importance
"""V6""",0.0
"""V7""",0.0
"""V4""",0.2559084441928269
"""V5""",1.5329232378710609
"""V1""",2.9232755799323726
"""V3""",3.607758926402682
"""V2""",3.8766646606229216
