feature,mean_importance
"""hobby""",1.710659912665946e-05
"""marital_status""",0.09924635221841108
"""educational_level""",0.20651777551596123
"""age""",0.39890085205393416
