feature,mean_importance
slope,-0.023096237009654054
fbs,-0.00037519625292649074
restecg,0.00012681120648576626
age,0.001965775150346094
exang,0.0020693289920490133
trestbps,0.0035232699736996386
chol,0.013075192247874701
thal,0.037867993892742646
thalach,0.044860808054743365
sex,0.07349712698021486
ca,0.08352933467624142
cp,0.08434702735853558
oldpeak,0.09513540890120352
