feature,weight
intercept,0.31610897418516115
age,-0.1778617551159283
sex,-0.8863961175602654
cp,0.7543524142339822
trestbps,-0.2127048428996172
chol,-0.3162585563684251
fbs,-0.26701066032616594
restecg,0.26419407758663715
thalach,0.8517345073304011
exang,-0.729813629894429
oldpeak,-0.7434159075490578
slope,-0.1857607175936494
ca,-0.5597568876324178
thal,-0.24666748091966384
