feature,mean_importance
"""V1""",0.1646492362511546
"""V5""",0.36124626031723417
"""V7""",0.3663755043678782
"""V6""",0.45961807718978437
"""V4""",0.5990429593822426
"""V2""",0.9508956889109174
"""V3""",1.430958416316979
