feature,mean_importance
pH,0.000268111059541809
residual sugar,0.0012907367588408602
chlorides,0.0025129807193120302
free sulfur dioxide,0.0034428541592519623
citric acid,0.004195979135675487
fixed acidity,0.010786807014426114
density,0.013005008895676351
total sulfur dioxide,0.027725710071366393
sulphates,0.0436126947184466
volatile acidity,0.05336564158588397
alcohol,0.21793619075710904
