feature,mean_importance
"""V5""",0.0168738446716195
"""V2""",0.03304548593396243
"""V1""",0.0711761278788744
"""V3""",0.1115230832928055
"""V4""",0.14422895804609084
