feature,mean_importance
"""V1""",0.0
"""V18""",0.0
"""V17""",0.0
"""V14""",0.0
"""V12""",0.0
"""V11""",0.0
"""V19""",0.0
"""V10""",0.0
"""V7""",0.0
"""V6""",0.0
"""V5""",0.0
"""V4""",0.0
"""V2""",0.0
"""V8""",0.0
"""V20""",0.0
"""V9""",0.06002809974615035
"""V13""",0.18700861852111578
"""V16""",0.21612766252200544
"""V3""",0.809705768911779
"""V15""",0.8121746828873657
