feature,mean_importance
max_corr,1.5444158052061252
points,3.743313990362425
features,5.083165219490197
