feature,mean_importance
"""V1""",0.0
"""V3""",0.0
"""V4""",0.0
"""V5""",0.0
"""V6""",0.0
"""V8""",0.0
"""V10""",0.0
"""V13""",0.0
"""V15""",0.0
"""V2""",6.792341309410643e-05
"""V7""",0.008047210005683859
"""V11""",0.00887980052939923
"""V9""",0.036280555149264294
"""V16""",0.05566570194363292
"""V14""",0.08916494606947858
"""V12""",0.16770052654210055
