feature,mean_importance
"""V2""",0.013889029935544573
"""V5""",0.01568300773457255
"""V1""",0.03980595819796713
"""V3""",0.06272678406722274
"""V4""",0.07163996641633821
