feature,mean_importance
"""V5""",0.0
"""V3""",0.17331324620470473
"""V4""",0.24505316881495895
"""V2""",0.5718734714156709
"""V1""",0.7800086520467674
