feature,mean_importance
"""V9""",3.6909286157205125e-05
"""V7""",0.0008600279094733265
"""V1""",0.0008817497053166257
"""V5""",0.0008849451461400593
"""V3""",0.0008922359445524775
"""V6""",0.014252020418433809
"""V10""",0.017134187643502698
"""V4""",0.01789780558827958
"""V8""",0.018375416043952385
"""V2""",0.02250430994516055
