feature,mean_importance
citric acid,0.0
free sulfur dioxide,0.0
density,0.0
fixed acidity,0.015521238964830398
residual sugar,0.019983456473822513
pH,0.0672089732919972
total sulfur dioxide,0.09221706890734405
chlorides,0.12492197434193483
volatile acidity,0.16938998224496782
sulphates,0.23496715776968644
alcohol,0.5796968478749441
